{"sourceFile": [{
      "name": "",
      "directive": [
        {
          "functionName": "dft",
          "label": "",
          "functionLabel": "",
          "pragma": {
            "name": "TOP",
            "option": [{
                "name": "name",
                "value": "dft"
              }]
          }
        },
        {
          "functionName": "dft",
          "label": "",
          "functionLabel": "",
          "pragma": {
            "name": "INTERFACE",
            "option": [
              {
                "name": "s_axilite",
                "value": ""
              },
              {
                "name": "port",
                "value": "return"
              }
            ]
          }
        },
        {
          "functionName": "dft",
          "label": "",
          "functionLabel": "",
          "pragma": {
            "name": "TOP",
            "option": [{
                "name": "name",
                "value": "dft"
              }]
          }
        }
      ]
    }]}
