{
  "Top": "dft",
  "RtlTop": "dft",
  "RtlPrefix": "",
  "RtlSubPrefix": "dft_",
  "SourceLanguage": "cpp",
  "HostMachineBits": "64",
  "FunctionProtocol": "ap_ctrl_hs",
  "ResetStyle": "control",
  "Target": {
    "Family": "zynq",
    "Device": "xc7z020",
    "Package": "-clg400",
    "Speed": "-1",
    "Triple": "fpga64-xilinx-none"
  },
  "Args": {
    "sample_real": {
      "index": "0",
      "direction": "inout",
      "srcType": "__fp16*",
      "srcSize": "16",
      "hwRefs": [
        {
          "type": "port",
          "interface": "sample_real_address0",
          "name": "sample_real_address0",
          "usage": "address",
          "direction": "out"
        },
        {
          "type": "port",
          "interface": "sample_real_ce0",
          "name": "sample_real_ce0",
          "usage": "control",
          "direction": "out"
        },
        {
          "type": "port",
          "interface": "sample_real_d0",
          "name": "sample_real_d0",
          "usage": "data",
          "direction": "out"
        },
        {
          "type": "port",
          "interface": "sample_real_q0",
          "name": "sample_real_q0",
          "usage": "data",
          "direction": "in"
        },
        {
          "type": "port",
          "interface": "sample_real_we0",
          "name": "sample_real_we0",
          "usage": "control",
          "direction": "out"
        },
        {
          "type": "port",
          "interface": "sample_real_address1",
          "name": "sample_real_address1",
          "usage": "address",
          "direction": "out"
        },
        {
          "type": "port",
          "interface": "sample_real_ce1",
          "name": "sample_real_ce1",
          "usage": "control",
          "direction": "out"
        },
        {
          "type": "port",
          "interface": "sample_real_d1",
          "name": "sample_real_d1",
          "usage": "data",
          "direction": "out"
        },
        {
          "type": "port",
          "interface": "sample_real_q1",
          "name": "sample_real_q1",
          "usage": "data",
          "direction": "in"
        },
        {
          "type": "port",
          "interface": "sample_real_we1",
          "name": "sample_real_we1",
          "usage": "control",
          "direction": "out"
        }
      ]
    },
    "sample_imag": {
      "index": "1",
      "direction": "inout",
      "srcType": "__fp16*",
      "srcSize": "16",
      "hwRefs": [
        {
          "type": "port",
          "interface": "sample_imag_address0",
          "name": "sample_imag_address0",
          "usage": "address",
          "direction": "out"
        },
        {
          "type": "port",
          "interface": "sample_imag_ce0",
          "name": "sample_imag_ce0",
          "usage": "control",
          "direction": "out"
        },
        {
          "type": "port",
          "interface": "sample_imag_d0",
          "name": "sample_imag_d0",
          "usage": "data",
          "direction": "out"
        },
        {
          "type": "port",
          "interface": "sample_imag_q0",
          "name": "sample_imag_q0",
          "usage": "data",
          "direction": "in"
        },
        {
          "type": "port",
          "interface": "sample_imag_we0",
          "name": "sample_imag_we0",
          "usage": "control",
          "direction": "out"
        },
        {
          "type": "port",
          "interface": "sample_imag_address1",
          "name": "sample_imag_address1",
          "usage": "address",
          "direction": "out"
        },
        {
          "type": "port",
          "interface": "sample_imag_ce1",
          "name": "sample_imag_ce1",
          "usage": "control",
          "direction": "out"
        },
        {
          "type": "port",
          "interface": "sample_imag_d1",
          "name": "sample_imag_d1",
          "usage": "data",
          "direction": "out"
        },
        {
          "type": "port",
          "interface": "sample_imag_q1",
          "name": "sample_imag_q1",
          "usage": "data",
          "direction": "in"
        },
        {
          "type": "port",
          "interface": "sample_imag_we1",
          "name": "sample_imag_we1",
          "usage": "control",
          "direction": "out"
        }
      ]
    }
  },
  "HlsSolution": {
    "FlowTarget": "vivado",
    "DirectiveTcl": [
      "set_directive_top dft -name dft",
      "set_directive_interface dft -mode s_axilite -port return",
      "set_directive_top dft -name dft"
    ],
    "ProfileOption": "0",
    "ProfileType": "none",
    "KernelName": "dft"
  },
  "ClockInfo": {
    "ClockName": "ap_clk",
    "ClockPeriod": "10",
    "Uncertainty": "2.7",
    "IsCombinational": "0",
    "II": "203911",
    "Latency": "203910"
  },
  "Xdc": {"OocClocks": ["create_clock -name ap_clk -period 10.000 [get_ports ap_clk]"]},
  "Ipx": {
    "Vendor": "xilinx.com",
    "Library": "hls",
    "Name": "dft",
    "Version": "1.0",
    "DisplayName": "Dft",
    "Revision": "",
    "Description": "An IP generated by Vitis HLS",
    "Taxonomy": "\/VITIS_HLS_IP",
    "AutoFamilySupport": "",
    "ZipFile": "xilinx_com_hls_dft_1_0.zip"
  },
  "Files": {
    "CSource": ["..\/..\/..\/..\/..\/..\/Desktop\/WES237C_Fall2021\/Read_the_docs-master-2\/project_files\/project3\/dft_256_precomputed\/dft.cpp"],
    "Vhdl": [
      "impl\/vhdl\/dft_control_s_axi.vhd",
      "impl\/vhdl\/dft_dadd_64ns_64ns_64_7_full_dsp_1.vhd",
      "impl\/vhdl\/dft_dadddsub_64ns_64ns_64_7_full_dsp_1.vhd",
      "impl\/vhdl\/dft_dft_Pipeline_VITIS_LOOP_20_1_VITIS_LOOP_28_2.vhd",
      "impl\/vhdl\/dft_dft_Pipeline_VITIS_LOOP_21_1.vhd",
      "impl\/vhdl\/dft_dft_Pipeline_VITIS_LOOP_22_1.vhd",
      "impl\/vhdl\/dft_dft_Pipeline_VITIS_LOOP_22_1_VITIS_LOOP_30_2.vhd",
      "impl\/vhdl\/dft_dft_Pipeline_VITIS_LOOP_22_1_VITIS_LOOP_30_2_fourth_order_double_sin_cos_K0_V.vhd",
      "impl\/vhdl\/dft_dft_Pipeline_VITIS_LOOP_22_1_VITIS_LOOP_30_2_fourth_order_double_sin_cos_K1_V.vhd",
      "impl\/vhdl\/dft_dft_Pipeline_VITIS_LOOP_22_1_VITIS_LOOP_30_2_fourth_order_double_sin_cos_K2_V.vhd",
      "impl\/vhdl\/dft_dft_Pipeline_VITIS_LOOP_22_1_VITIS_LOOP_30_2_fourth_order_double_sin_cos_K3_V.vhd",
      "impl\/vhdl\/dft_dft_Pipeline_VITIS_LOOP_22_1_VITIS_LOOP_30_2_fourth_order_double_sin_cos_K4_V.vhd",
      "impl\/vhdl\/dft_dft_Pipeline_VITIS_LOOP_22_1_VITIS_LOOP_30_2_ref_4oPi_table_256_V.vhd",
      "impl\/vhdl\/dft_dft_Pipeline_VITIS_LOOP_23_1.vhd",
      "impl\/vhdl\/dft_dft_Pipeline_VITIS_LOOP_25_1.vhd",
      "impl\/vhdl\/dft_dft_Pipeline_VITIS_LOOP_27_1.vhd",
      "impl\/vhdl\/dft_dft_Pipeline_VITIS_LOOP_29_1.vhd",
      "impl\/vhdl\/dft_dft_Pipeline_VITIS_LOOP_30_1.vhd",
      "impl\/vhdl\/dft_dft_Pipeline_VITIS_LOOP_30_1_cos_coefficients_table.vhd",
      "impl\/vhdl\/dft_dft_Pipeline_VITIS_LOOP_30_1_sin_coefficients_table.vhd",
      "impl\/vhdl\/dft_dft_Pipeline_VITIS_LOOP_31_1.vhd",
      "impl\/vhdl\/dft_dft_Pipeline_VITIS_LOOP_31_1_cos_coefficients_table.vhd",
      "impl\/vhdl\/dft_dft_Pipeline_VITIS_LOOP_31_1_sin_coefficients_table.vhd",
      "impl\/vhdl\/dft_dft_Pipeline_VITIS_LOOP_32_1.vhd",
      "impl\/vhdl\/dft_dft_Pipeline_VITIS_LOOP_32_1_cos_coefficients_table.vhd",
      "impl\/vhdl\/dft_dft_Pipeline_VITIS_LOOP_32_1_sin_coefficients_table.vhd",
      "impl\/vhdl\/dft_dft_Pipeline_VITIS_LOOP_41_3.vhd",
      "impl\/vhdl\/dft_dft_Pipeline_VITIS_LOOP_43_3.vhd",
      "impl\/vhdl\/dft_dft_Pipeline_VITIS_LOOP_44_3.vhd",
      "impl\/vhdl\/dft_dft_Pipeline_VITIS_LOOP_45_3.vhd",
      "impl\/vhdl\/dft_dft_Pipeline_VITIS_LOOP_47_3.vhd",
      "impl\/vhdl\/dft_dft_Pipeline_VITIS_LOOP_49_3.vhd",
      "impl\/vhdl\/dft_dft_Pipeline_VITIS_LOOP_51_3.vhd",
      "impl\/vhdl\/dft_dft_Pipeline_VITIS_LOOP_52_3.vhd",
      "impl\/vhdl\/dft_dft_Pipeline_VITIS_LOOP_55_3.vhd",
      "impl\/vhdl\/dft_dft_Pipeline_VITIS_LOOP_56_3.vhd",
      "impl\/vhdl\/dft_dft_Pipeline_VITIS_LOOP_63_3.vhd",
      "impl\/vhdl\/dft_dft_Pipeline_VITIS_LOOP_64_3.vhd",
      "impl\/vhdl\/dft_dft_Pipeline_VITIS_LOOP_65_3.vhd",
      "impl\/vhdl\/dft_dft_Pipeline_VITIS_LOOP_66_3.vhd",
      "impl\/vhdl\/dft_dmul_64ns_64ns_64_7_max_dsp_1.vhd",
      "impl\/vhdl\/dft_dsub_64ns_64ns_64_7_full_dsp_1.vhd",
      "impl\/vhdl\/dft_fadd_32ns_32ns_32_5_full_dsp_1.vhd",
      "impl\/vhdl\/dft_faddfsub_32ns_32ns_32_5_full_dsp_1.vhd",
      "impl\/vhdl\/dft_flow_control_loop_pipe_sequential_init.vhd",
      "impl\/vhdl\/dft_fmul_32ns_32ns_32_4_max_dsp_1.vhd",
      "impl\/vhdl\/dft_fpext_32ns_64_2_no_dsp_1.vhd",
      "impl\/vhdl\/dft_fptrunc_64ns_32_2_no_dsp_1.vhd",
      "impl\/vhdl\/dft_fsub_32ns_32ns_32_5_full_dsp_1.vhd",
      "impl\/vhdl\/dft_hadd_16ns_16ns_16_6_full_dsp_1.vhd",
      "impl\/vhdl\/dft_hmul_16ns_16ns_16_4_max_dsp_1.vhd",
      "impl\/vhdl\/dft_hsub_16ns_16ns_16_6_full_dsp_1.vhd",
      "impl\/vhdl\/dft_Loop_VITIS_LOOP_33_1_proc1.vhd",
      "impl\/vhdl\/dft_Loop_VITIS_LOOP_33_1_proc1_cos_coefficients_table.vhd",
      "impl\/vhdl\/dft_Loop_VITIS_LOOP_33_1_proc1_Pipeline_VITIS_LOOP_43_2.vhd",
      "impl\/vhdl\/dft_Loop_VITIS_LOOP_33_1_proc1_Pipeline_VITIS_LOOP_43_21.vhd",
      "impl\/vhdl\/dft_Loop_VITIS_LOOP_33_1_proc1_Pipeline_VITIS_LOOP_67_3.vhd",
      "impl\/vhdl\/dft_Loop_VITIS_LOOP_33_1_proc1_sin_coefficients_table.vhd",
      "impl\/vhdl\/dft_Loop_VITIS_LOOP_33_1_proc1_temp_real.vhd",
      "impl\/vhdl\/dft_mul_8s_5ns_8_1_1.vhd",
      "impl\/vhdl\/dft_mul_8s_5s_8_1_1.vhd",
      "impl\/vhdl\/dft_mul_8s_6ns_8_1_1.vhd",
      "impl\/vhdl\/dft_mul_8s_6s_8_1_1.vhd",
      "impl\/vhdl\/dft_mul_8s_7ns_8_1_1.vhd",
      "impl\/vhdl\/dft_mul_8s_7s_8_1_1.vhd",
      "impl\/vhdl\/dft_mul_8s_8ns_8_1_1.vhd",
      "impl\/vhdl\/dft_mul_8s_8s_8_1_1.vhd",
      "impl\/vhdl\/dft_mul_23s_22ns_45_1_1.vhd",
      "impl\/vhdl\/dft_mul_30s_29ns_58_2_1.vhd",
      "impl\/vhdl\/dft_mul_35ns_25ns_60_2_1.vhd",
      "impl\/vhdl\/dft_mul_42ns_33ns_75_2_1.vhd",
      "impl\/vhdl\/dft_mul_49ns_44s_93_5_1.vhd",
      "impl\/vhdl\/dft_mul_49ns_49ns_98_5_1.vhd",
      "impl\/vhdl\/dft_mul_56ns_52s_108_5_1.vhd",
      "impl\/vhdl\/dft_mul_64s_63ns_126_5_1.vhd",
      "impl\/vhdl\/dft_mul_80s_24ns_80_5_1.vhd",
      "impl\/vhdl\/dft_mul_170s_53ns_170_5_1.vhd",
      "impl\/vhdl\/dft_mul_mul_15ns_15ns_30_4_1.vhd",
      "impl\/vhdl\/dft_mul_mul_15ns_15s_30_4_1.vhd",
      "impl\/vhdl\/dft_mux_83_1_1_1.vhd",
      "impl\/vhdl\/dft_mux_164_1_1_1.vhd",
      "impl\/vhdl\/dft_sin_or_cos_double_s.vhd",
      "impl\/vhdl\/dft_sin_or_cos_double_s_fourth_order_double_sin_cos_K0_V.vhd",
      "impl\/vhdl\/dft_sin_or_cos_double_s_fourth_order_double_sin_cos_K1_V.vhd",
      "impl\/vhdl\/dft_sin_or_cos_double_s_fourth_order_double_sin_cos_K2_V.vhd",
      "impl\/vhdl\/dft_sin_or_cos_double_s_fourth_order_double_sin_cos_K3_V.vhd",
      "impl\/vhdl\/dft_sin_or_cos_double_s_fourth_order_double_sin_cos_K4_V.vhd",
      "impl\/vhdl\/dft_sin_or_cos_double_s_ref_4oPi_table_256_V.vhd",
      "impl\/vhdl\/dft_sin_or_cos_float_s.vhd",
      "impl\/vhdl\/dft_sin_or_cos_float_s_ref_4oPi_table_100_V.vhd",
      "impl\/vhdl\/dft_sin_or_cos_float_s_second_order_float_sin_cos_K0_V.vhd",
      "impl\/vhdl\/dft_sin_or_cos_float_s_second_order_float_sin_cos_K1_V.vhd",
      "impl\/vhdl\/dft_sin_or_cos_float_s_second_order_float_sin_cos_K2_V.vhd",
      "impl\/vhdl\/dft_sitodp_32ns_64_6_no_dsp_1.vhd",
      "impl\/vhdl\/dft_sitofp_32ns_32_6_no_dsp_1.vhd",
      "impl\/vhdl\/dft_temp_imag.vhd",
      "impl\/vhdl\/dft_temp_real.vhd",
      "impl\/vhdl\/dft.vhd"
    ],
    "Verilog": [
      "impl\/verilog\/dft_control_s_axi.v",
      "impl\/verilog\/dft_dadd_64ns_64ns_64_7_full_dsp_1.v",
      "impl\/verilog\/dft_dadddsub_64ns_64ns_64_7_full_dsp_1.v",
      "impl\/verilog\/dft_dft_Pipeline_VITIS_LOOP_20_1_VITIS_LOOP_28_2.v",
      "impl\/verilog\/dft_dft_Pipeline_VITIS_LOOP_21_1.v",
      "impl\/verilog\/dft_dft_Pipeline_VITIS_LOOP_22_1.v",
      "impl\/verilog\/dft_dft_Pipeline_VITIS_LOOP_22_1_VITIS_LOOP_30_2.v",
      "impl\/verilog\/dft_dft_Pipeline_VITIS_LOOP_22_1_VITIS_LOOP_30_2_fourth_order_double_sin_cos_K0_V.dat",
      "impl\/verilog\/dft_dft_Pipeline_VITIS_LOOP_22_1_VITIS_LOOP_30_2_fourth_order_double_sin_cos_K0_V.v",
      "impl\/verilog\/dft_dft_Pipeline_VITIS_LOOP_22_1_VITIS_LOOP_30_2_fourth_order_double_sin_cos_K1_V.dat",
      "impl\/verilog\/dft_dft_Pipeline_VITIS_LOOP_22_1_VITIS_LOOP_30_2_fourth_order_double_sin_cos_K1_V.v",
      "impl\/verilog\/dft_dft_Pipeline_VITIS_LOOP_22_1_VITIS_LOOP_30_2_fourth_order_double_sin_cos_K2_V.dat",
      "impl\/verilog\/dft_dft_Pipeline_VITIS_LOOP_22_1_VITIS_LOOP_30_2_fourth_order_double_sin_cos_K2_V.v",
      "impl\/verilog\/dft_dft_Pipeline_VITIS_LOOP_22_1_VITIS_LOOP_30_2_fourth_order_double_sin_cos_K3_V.dat",
      "impl\/verilog\/dft_dft_Pipeline_VITIS_LOOP_22_1_VITIS_LOOP_30_2_fourth_order_double_sin_cos_K3_V.v",
      "impl\/verilog\/dft_dft_Pipeline_VITIS_LOOP_22_1_VITIS_LOOP_30_2_fourth_order_double_sin_cos_K4_V.dat",
      "impl\/verilog\/dft_dft_Pipeline_VITIS_LOOP_22_1_VITIS_LOOP_30_2_fourth_order_double_sin_cos_K4_V.v",
      "impl\/verilog\/dft_dft_Pipeline_VITIS_LOOP_22_1_VITIS_LOOP_30_2_ref_4oPi_table_256_V.dat",
      "impl\/verilog\/dft_dft_Pipeline_VITIS_LOOP_22_1_VITIS_LOOP_30_2_ref_4oPi_table_256_V.v",
      "impl\/verilog\/dft_dft_Pipeline_VITIS_LOOP_23_1.v",
      "impl\/verilog\/dft_dft_Pipeline_VITIS_LOOP_25_1.v",
      "impl\/verilog\/dft_dft_Pipeline_VITIS_LOOP_27_1.v",
      "impl\/verilog\/dft_dft_Pipeline_VITIS_LOOP_29_1.v",
      "impl\/verilog\/dft_dft_Pipeline_VITIS_LOOP_30_1.v",
      "impl\/verilog\/dft_dft_Pipeline_VITIS_LOOP_30_1_cos_coefficients_table.dat",
      "impl\/verilog\/dft_dft_Pipeline_VITIS_LOOP_30_1_cos_coefficients_table.v",
      "impl\/verilog\/dft_dft_Pipeline_VITIS_LOOP_30_1_sin_coefficients_table.dat",
      "impl\/verilog\/dft_dft_Pipeline_VITIS_LOOP_30_1_sin_coefficients_table.v",
      "impl\/verilog\/dft_dft_Pipeline_VITIS_LOOP_31_1.v",
      "impl\/verilog\/dft_dft_Pipeline_VITIS_LOOP_31_1_cos_coefficients_table.dat",
      "impl\/verilog\/dft_dft_Pipeline_VITIS_LOOP_31_1_cos_coefficients_table.v",
      "impl\/verilog\/dft_dft_Pipeline_VITIS_LOOP_31_1_sin_coefficients_table.dat",
      "impl\/verilog\/dft_dft_Pipeline_VITIS_LOOP_31_1_sin_coefficients_table.v",
      "impl\/verilog\/dft_dft_Pipeline_VITIS_LOOP_32_1.v",
      "impl\/verilog\/dft_dft_Pipeline_VITIS_LOOP_32_1_cos_coefficients_table.dat",
      "impl\/verilog\/dft_dft_Pipeline_VITIS_LOOP_32_1_cos_coefficients_table.v",
      "impl\/verilog\/dft_dft_Pipeline_VITIS_LOOP_32_1_sin_coefficients_table.dat",
      "impl\/verilog\/dft_dft_Pipeline_VITIS_LOOP_32_1_sin_coefficients_table.v",
      "impl\/verilog\/dft_dft_Pipeline_VITIS_LOOP_41_3.v",
      "impl\/verilog\/dft_dft_Pipeline_VITIS_LOOP_43_3.v",
      "impl\/verilog\/dft_dft_Pipeline_VITIS_LOOP_44_3.v",
      "impl\/verilog\/dft_dft_Pipeline_VITIS_LOOP_45_3.v",
      "impl\/verilog\/dft_dft_Pipeline_VITIS_LOOP_47_3.v",
      "impl\/verilog\/dft_dft_Pipeline_VITIS_LOOP_49_3.v",
      "impl\/verilog\/dft_dft_Pipeline_VITIS_LOOP_51_3.v",
      "impl\/verilog\/dft_dft_Pipeline_VITIS_LOOP_52_3.v",
      "impl\/verilog\/dft_dft_Pipeline_VITIS_LOOP_55_3.v",
      "impl\/verilog\/dft_dft_Pipeline_VITIS_LOOP_56_3.v",
      "impl\/verilog\/dft_dft_Pipeline_VITIS_LOOP_63_3.v",
      "impl\/verilog\/dft_dft_Pipeline_VITIS_LOOP_64_3.v",
      "impl\/verilog\/dft_dft_Pipeline_VITIS_LOOP_65_3.v",
      "impl\/verilog\/dft_dft_Pipeline_VITIS_LOOP_66_3.v",
      "impl\/verilog\/dft_dmul_64ns_64ns_64_7_max_dsp_1.v",
      "impl\/verilog\/dft_dsub_64ns_64ns_64_7_full_dsp_1.v",
      "impl\/verilog\/dft_fadd_32ns_32ns_32_5_full_dsp_1.v",
      "impl\/verilog\/dft_faddfsub_32ns_32ns_32_5_full_dsp_1.v",
      "impl\/verilog\/dft_flow_control_loop_pipe_sequential_init.v",
      "impl\/verilog\/dft_fmul_32ns_32ns_32_4_max_dsp_1.v",
      "impl\/verilog\/dft_fpext_32ns_64_2_no_dsp_1.v",
      "impl\/verilog\/dft_fptrunc_64ns_32_2_no_dsp_1.v",
      "impl\/verilog\/dft_fsub_32ns_32ns_32_5_full_dsp_1.v",
      "impl\/verilog\/dft_hadd_16ns_16ns_16_6_full_dsp_1.v",
      "impl\/verilog\/dft_hmul_16ns_16ns_16_4_max_dsp_1.v",
      "impl\/verilog\/dft_hsub_16ns_16ns_16_6_full_dsp_1.v",
      "impl\/verilog\/dft_Loop_VITIS_LOOP_33_1_proc1.v",
      "impl\/verilog\/dft_Loop_VITIS_LOOP_33_1_proc1_cos_coefficients_table.dat",
      "impl\/verilog\/dft_Loop_VITIS_LOOP_33_1_proc1_cos_coefficients_table.v",
      "impl\/verilog\/dft_Loop_VITIS_LOOP_33_1_proc1_Pipeline_VITIS_LOOP_43_2.v",
      "impl\/verilog\/dft_Loop_VITIS_LOOP_33_1_proc1_Pipeline_VITIS_LOOP_43_21.v",
      "impl\/verilog\/dft_Loop_VITIS_LOOP_33_1_proc1_Pipeline_VITIS_LOOP_67_3.v",
      "impl\/verilog\/dft_Loop_VITIS_LOOP_33_1_proc1_sin_coefficients_table.dat",
      "impl\/verilog\/dft_Loop_VITIS_LOOP_33_1_proc1_sin_coefficients_table.v",
      "impl\/verilog\/dft_Loop_VITIS_LOOP_33_1_proc1_temp_real.v",
      "impl\/verilog\/dft_mul_8s_5ns_8_1_1.v",
      "impl\/verilog\/dft_mul_8s_5s_8_1_1.v",
      "impl\/verilog\/dft_mul_8s_6ns_8_1_1.v",
      "impl\/verilog\/dft_mul_8s_6s_8_1_1.v",
      "impl\/verilog\/dft_mul_8s_7ns_8_1_1.v",
      "impl\/verilog\/dft_mul_8s_7s_8_1_1.v",
      "impl\/verilog\/dft_mul_8s_8ns_8_1_1.v",
      "impl\/verilog\/dft_mul_8s_8s_8_1_1.v",
      "impl\/verilog\/dft_mul_23s_22ns_45_1_1.v",
      "impl\/verilog\/dft_mul_30s_29ns_58_2_1.v",
      "impl\/verilog\/dft_mul_35ns_25ns_60_2_1.v",
      "impl\/verilog\/dft_mul_42ns_33ns_75_2_1.v",
      "impl\/verilog\/dft_mul_49ns_44s_93_5_1.v",
      "impl\/verilog\/dft_mul_49ns_49ns_98_5_1.v",
      "impl\/verilog\/dft_mul_56ns_52s_108_5_1.v",
      "impl\/verilog\/dft_mul_64s_63ns_126_5_1.v",
      "impl\/verilog\/dft_mul_80s_24ns_80_5_1.v",
      "impl\/verilog\/dft_mul_170s_53ns_170_5_1.v",
      "impl\/verilog\/dft_mul_mul_15ns_15ns_30_4_1.v",
      "impl\/verilog\/dft_mul_mul_15ns_15s_30_4_1.v",
      "impl\/verilog\/dft_mux_83_1_1_1.v",
      "impl\/verilog\/dft_mux_164_1_1_1.v",
      "impl\/verilog\/dft_sin_or_cos_double_s.v",
      "impl\/verilog\/dft_sin_or_cos_double_s_fourth_order_double_sin_cos_K0_V.dat",
      "impl\/verilog\/dft_sin_or_cos_double_s_fourth_order_double_sin_cos_K0_V.v",
      "impl\/verilog\/dft_sin_or_cos_double_s_fourth_order_double_sin_cos_K1_V.dat",
      "impl\/verilog\/dft_sin_or_cos_double_s_fourth_order_double_sin_cos_K1_V.v",
      "impl\/verilog\/dft_sin_or_cos_double_s_fourth_order_double_sin_cos_K2_V.dat",
      "impl\/verilog\/dft_sin_or_cos_double_s_fourth_order_double_sin_cos_K2_V.v",
      "impl\/verilog\/dft_sin_or_cos_double_s_fourth_order_double_sin_cos_K3_V.dat",
      "impl\/verilog\/dft_sin_or_cos_double_s_fourth_order_double_sin_cos_K3_V.v",
      "impl\/verilog\/dft_sin_or_cos_double_s_fourth_order_double_sin_cos_K4_V.dat",
      "impl\/verilog\/dft_sin_or_cos_double_s_fourth_order_double_sin_cos_K4_V.v",
      "impl\/verilog\/dft_sin_or_cos_double_s_ref_4oPi_table_256_V.dat",
      "impl\/verilog\/dft_sin_or_cos_double_s_ref_4oPi_table_256_V.v",
      "impl\/verilog\/dft_sin_or_cos_float_s.v",
      "impl\/verilog\/dft_sin_or_cos_float_s_ref_4oPi_table_100_V.dat",
      "impl\/verilog\/dft_sin_or_cos_float_s_ref_4oPi_table_100_V.v",
      "impl\/verilog\/dft_sin_or_cos_float_s_second_order_float_sin_cos_K0_V.dat",
      "impl\/verilog\/dft_sin_or_cos_float_s_second_order_float_sin_cos_K0_V.v",
      "impl\/verilog\/dft_sin_or_cos_float_s_second_order_float_sin_cos_K1_V.dat",
      "impl\/verilog\/dft_sin_or_cos_float_s_second_order_float_sin_cos_K1_V.v",
      "impl\/verilog\/dft_sin_or_cos_float_s_second_order_float_sin_cos_K2_V.dat",
      "impl\/verilog\/dft_sin_or_cos_float_s_second_order_float_sin_cos_K2_V.v",
      "impl\/verilog\/dft_sitodp_32ns_64_6_no_dsp_1.v",
      "impl\/verilog\/dft_sitofp_32ns_32_6_no_dsp_1.v",
      "impl\/verilog\/dft_temp_imag.v",
      "impl\/verilog\/dft_temp_real.v",
      "impl\/verilog\/dft.v"
    ],
    "SwDriver": [
      "impl\/misc\/drivers\/dft_v1_0\/data\/dft.mdd",
      "impl\/misc\/drivers\/dft_v1_0\/data\/dft.tcl",
      "impl\/misc\/drivers\/dft_v1_0\/src\/Makefile",
      "impl\/misc\/drivers\/dft_v1_0\/src\/xdft.c",
      "impl\/misc\/drivers\/dft_v1_0\/src\/xdft.h",
      "impl\/misc\/drivers\/dft_v1_0\/src\/xdft_hw.h",
      "impl\/misc\/drivers\/dft_v1_0\/src\/xdft_linux.c",
      "impl\/misc\/drivers\/dft_v1_0\/src\/xdft_sinit.c"
    ],
    "IpMisc": ["impl\/misc\/logo.png"],
    "Subcore": [
      "impl\/misc\/dft_dadd_64ns_64ns_64_7_full_dsp_1_ip.tcl",
      "impl\/misc\/dft_dadddsub_64ns_64ns_64_7_full_dsp_1_ip.tcl",
      "impl\/misc\/dft_dmul_64ns_64ns_64_7_max_dsp_1_ip.tcl",
      "impl\/misc\/dft_dsub_64ns_64ns_64_7_full_dsp_1_ip.tcl",
      "impl\/misc\/dft_fadd_32ns_32ns_32_5_full_dsp_1_ip.tcl",
      "impl\/misc\/dft_faddfsub_32ns_32ns_32_5_full_dsp_1_ip.tcl",
      "impl\/misc\/dft_fmul_32ns_32ns_32_4_max_dsp_1_ip.tcl",
      "impl\/misc\/dft_fpext_32ns_64_2_no_dsp_1_ip.tcl",
      "impl\/misc\/dft_fptrunc_64ns_32_2_no_dsp_1_ip.tcl",
      "impl\/misc\/dft_fsub_32ns_32ns_32_5_full_dsp_1_ip.tcl",
      "impl\/misc\/dft_hadd_16ns_16ns_16_6_full_dsp_1_ip.tcl",
      "impl\/misc\/dft_hmul_16ns_16ns_16_4_max_dsp_1_ip.tcl",
      "impl\/misc\/dft_hsub_16ns_16ns_16_6_full_dsp_1_ip.tcl",
      "impl\/misc\/dft_sitodp_32ns_64_6_no_dsp_1_ip.tcl",
      "impl\/misc\/dft_sitofp_32ns_32_6_no_dsp_1_ip.tcl"
    ],
    "CsynthXml": "syn\/report\/csynth.xml",
    "DebugDir": ".debug",
    "KernelXml": ".autopilot\/db\/kernel.internal.xml",
    "Xo": "",
    "XoHlsDir": "",
    "ProtoInst": [".debug\/dft.protoinst"]
  },
  "SubcoreInfo": {
    "HasXpmMemory": false,
    "HasClockedDsp": false,
    "Ip": [
      {
        "Name": "dft_dadd_64ns_64ns_64_7_full_dsp_1_ip",
        "Vlnv": "xilinx.com:ip:floating_point:7.1",
        "Params": "CONFIG.a_precision_type Double CONFIG.a_tuser_width 1 CONFIG.add_sub_value Add CONFIG.b_tuser_width 1 CONFIG.c_a_exponent_width 11 CONFIG.c_a_fraction_width 53 CONFIG.c_compare_operation Programmable CONFIG.c_has_divide_by_zero false CONFIG.c_has_invalid_op false CONFIG.c_has_overflow false CONFIG.c_has_underflow false CONFIG.c_latency 5 CONFIG.c_mult_usage Full_Usage CONFIG.c_optimization Speed_Optimized CONFIG.c_rate 1 CONFIG.c_result_exponent_width 11 CONFIG.c_result_fraction_width 53 CONFIG.component_name dft_dadd_64ns_64ns_64_7_full_dsp_1_ip CONFIG.flow_control NonBlocking CONFIG.has_a_tlast false CONFIG.has_a_tuser false CONFIG.has_aclken true CONFIG.has_aresetn false CONFIG.has_b_tlast false CONFIG.has_b_tuser false CONFIG.has_operation_tlast false CONFIG.has_operation_tuser false CONFIG.has_result_tready false CONFIG.maximum_latency false CONFIG.operation_tuser_width 1 CONFIG.operation_type Add_Subtract CONFIG.result_precision_type Double CONFIG.result_tlast_behv Null"
      },
      {
        "Name": "dft_dadddsub_64ns_64ns_64_7_full_dsp_1_ip",
        "Vlnv": "xilinx.com:ip:floating_point:7.1",
        "Params": "CONFIG.a_precision_type Double CONFIG.a_tuser_width 1 CONFIG.add_sub_value Both CONFIG.b_tuser_width 1 CONFIG.c_a_exponent_width 11 CONFIG.c_a_fraction_width 53 CONFIG.c_compare_operation Programmable CONFIG.c_has_divide_by_zero false CONFIG.c_has_invalid_op false CONFIG.c_has_overflow false CONFIG.c_has_underflow false CONFIG.c_latency 5 CONFIG.c_mult_usage Full_Usage CONFIG.c_optimization Speed_Optimized CONFIG.c_rate 1 CONFIG.c_result_exponent_width 11 CONFIG.c_result_fraction_width 53 CONFIG.component_name dft_dadddsub_64ns_64ns_64_7_full_dsp_1_ip CONFIG.flow_control NonBlocking CONFIG.has_a_tlast false CONFIG.has_a_tuser false CONFIG.has_aclken true CONFIG.has_aresetn false CONFIG.has_b_tlast false CONFIG.has_b_tuser false CONFIG.has_operation_tlast false CONFIG.has_operation_tuser false CONFIG.has_result_tready false CONFIG.maximum_latency false CONFIG.operation_tuser_width 1 CONFIG.operation_type Add_Subtract CONFIG.result_precision_type Double CONFIG.result_tlast_behv Null"
      },
      {
        "Name": "dft_dmul_64ns_64ns_64_7_max_dsp_1_ip",
        "Vlnv": "xilinx.com:ip:floating_point:7.1",
        "Params": "CONFIG.a_precision_type Double CONFIG.a_tuser_width 1 CONFIG.add_sub_value Both CONFIG.b_tuser_width 1 CONFIG.c_a_exponent_width 11 CONFIG.c_a_fraction_width 53 CONFIG.c_compare_operation Programmable CONFIG.c_has_divide_by_zero false CONFIG.c_has_invalid_op false CONFIG.c_has_overflow false CONFIG.c_has_underflow false CONFIG.c_latency 5 CONFIG.c_mult_usage Max_Usage CONFIG.c_optimization Speed_Optimized CONFIG.c_rate 1 CONFIG.c_result_exponent_width 11 CONFIG.c_result_fraction_width 53 CONFIG.component_name dft_dmul_64ns_64ns_64_7_max_dsp_1_ip CONFIG.flow_control NonBlocking CONFIG.has_a_tlast false CONFIG.has_a_tuser false CONFIG.has_aclken true CONFIG.has_aresetn false CONFIG.has_b_tlast false CONFIG.has_b_tuser false CONFIG.has_operation_tlast false CONFIG.has_operation_tuser false CONFIG.has_result_tready false CONFIG.maximum_latency false CONFIG.operation_tuser_width 1 CONFIG.operation_type Multiply CONFIG.result_precision_type Double CONFIG.result_tlast_behv Null"
      },
      {
        "Name": "dft_dsub_64ns_64ns_64_7_full_dsp_1_ip",
        "Vlnv": "xilinx.com:ip:floating_point:7.1",
        "Params": "CONFIG.a_precision_type Double CONFIG.a_tuser_width 1 CONFIG.add_sub_value Subtract CONFIG.b_tuser_width 1 CONFIG.c_a_exponent_width 11 CONFIG.c_a_fraction_width 53 CONFIG.c_compare_operation Programmable CONFIG.c_has_divide_by_zero false CONFIG.c_has_invalid_op false CONFIG.c_has_overflow false CONFIG.c_has_underflow false CONFIG.c_latency 5 CONFIG.c_mult_usage Full_Usage CONFIG.c_optimization Speed_Optimized CONFIG.c_rate 1 CONFIG.c_result_exponent_width 11 CONFIG.c_result_fraction_width 53 CONFIG.component_name dft_dsub_64ns_64ns_64_7_full_dsp_1_ip CONFIG.flow_control NonBlocking CONFIG.has_a_tlast false CONFIG.has_a_tuser false CONFIG.has_aclken true CONFIG.has_aresetn false CONFIG.has_b_tlast false CONFIG.has_b_tuser false CONFIG.has_operation_tlast false CONFIG.has_operation_tuser false CONFIG.has_result_tready false CONFIG.maximum_latency false CONFIG.operation_tuser_width 1 CONFIG.operation_type Add_Subtract CONFIG.result_precision_type Double CONFIG.result_tlast_behv Null"
      },
      {
        "Name": "dft_fadd_32ns_32ns_32_5_full_dsp_1_ip",
        "Vlnv": "xilinx.com:ip:floating_point:7.1",
        "Params": "CONFIG.a_precision_type Single CONFIG.a_tuser_width 1 CONFIG.add_sub_value Add CONFIG.b_tuser_width 1 CONFIG.c_a_exponent_width 8 CONFIG.c_a_fraction_width 24 CONFIG.c_compare_operation Programmable CONFIG.c_has_divide_by_zero false CONFIG.c_has_invalid_op false CONFIG.c_has_overflow false CONFIG.c_has_underflow false CONFIG.c_latency 3 CONFIG.c_mult_usage Full_Usage CONFIG.c_optimization Speed_Optimized CONFIG.c_rate 1 CONFIG.c_result_exponent_width 8 CONFIG.c_result_fraction_width 24 CONFIG.component_name dft_fadd_32ns_32ns_32_5_full_dsp_1_ip CONFIG.flow_control NonBlocking CONFIG.has_a_tlast false CONFIG.has_a_tuser false CONFIG.has_aclken true CONFIG.has_aresetn false CONFIG.has_b_tlast false CONFIG.has_b_tuser false CONFIG.has_operation_tlast false CONFIG.has_operation_tuser false CONFIG.has_result_tready false CONFIG.maximum_latency false CONFIG.operation_tuser_width 1 CONFIG.operation_type Add_Subtract CONFIG.result_precision_type Single CONFIG.result_tlast_behv Null"
      },
      {
        "Name": "dft_faddfsub_32ns_32ns_32_5_full_dsp_1_ip",
        "Vlnv": "xilinx.com:ip:floating_point:7.1",
        "Params": "CONFIG.a_precision_type Single CONFIG.a_tuser_width 1 CONFIG.add_sub_value Both CONFIG.b_tuser_width 1 CONFIG.c_a_exponent_width 8 CONFIG.c_a_fraction_width 24 CONFIG.c_compare_operation Programmable CONFIG.c_has_divide_by_zero false CONFIG.c_has_invalid_op false CONFIG.c_has_overflow false CONFIG.c_has_underflow false CONFIG.c_latency 3 CONFIG.c_mult_usage Full_Usage CONFIG.c_optimization Speed_Optimized CONFIG.c_rate 1 CONFIG.c_result_exponent_width 8 CONFIG.c_result_fraction_width 24 CONFIG.component_name dft_faddfsub_32ns_32ns_32_5_full_dsp_1_ip CONFIG.flow_control NonBlocking CONFIG.has_a_tlast false CONFIG.has_a_tuser false CONFIG.has_aclken true CONFIG.has_aresetn false CONFIG.has_b_tlast false CONFIG.has_b_tuser false CONFIG.has_operation_tlast false CONFIG.has_operation_tuser false CONFIG.has_result_tready false CONFIG.maximum_latency false CONFIG.operation_tuser_width 1 CONFIG.operation_type Add_Subtract CONFIG.result_precision_type Single CONFIG.result_tlast_behv Null"
      },
      {
        "Name": "dft_fmul_32ns_32ns_32_4_max_dsp_1_ip",
        "Vlnv": "xilinx.com:ip:floating_point:7.1",
        "Params": "CONFIG.a_precision_type Single CONFIG.a_tuser_width 1 CONFIG.add_sub_value Both CONFIG.b_tuser_width 1 CONFIG.c_a_exponent_width 8 CONFIG.c_a_fraction_width 24 CONFIG.c_compare_operation Programmable CONFIG.c_has_divide_by_zero false CONFIG.c_has_invalid_op false CONFIG.c_has_overflow false CONFIG.c_has_underflow false CONFIG.c_latency 2 CONFIG.c_mult_usage Max_Usage CONFIG.c_optimization Speed_Optimized CONFIG.c_rate 1 CONFIG.c_result_exponent_width 8 CONFIG.c_result_fraction_width 24 CONFIG.component_name dft_fmul_32ns_32ns_32_4_max_dsp_1_ip CONFIG.flow_control NonBlocking CONFIG.has_a_tlast false CONFIG.has_a_tuser false CONFIG.has_aclken true CONFIG.has_aresetn false CONFIG.has_b_tlast false CONFIG.has_b_tuser false CONFIG.has_operation_tlast false CONFIG.has_operation_tuser false CONFIG.has_result_tready false CONFIG.maximum_latency false CONFIG.operation_tuser_width 1 CONFIG.operation_type Multiply CONFIG.result_precision_type Single CONFIG.result_tlast_behv Null"
      },
      {
        "Name": "dft_fpext_32ns_64_2_no_dsp_1_ip",
        "Vlnv": "xilinx.com:ip:floating_point:7.1",
        "Params": "CONFIG.a_precision_type Single CONFIG.a_tuser_width 1 CONFIG.add_sub_value Both CONFIG.b_tuser_width 1 CONFIG.c_a_exponent_width 8 CONFIG.c_a_fraction_width 24 CONFIG.c_compare_operation Programmable CONFIG.c_has_divide_by_zero false CONFIG.c_has_invalid_op false CONFIG.c_has_overflow false CONFIG.c_has_underflow false CONFIG.c_latency 0 CONFIG.c_mult_usage No_Usage CONFIG.c_optimization Speed_Optimized CONFIG.c_rate 1 CONFIG.c_result_exponent_width 11 CONFIG.c_result_fraction_width 53 CONFIG.component_name dft_fpext_32ns_64_2_no_dsp_1_ip CONFIG.flow_control NonBlocking CONFIG.has_a_tlast false CONFIG.has_a_tuser false CONFIG.has_aclken false CONFIG.has_aresetn false CONFIG.has_b_tlast false CONFIG.has_b_tuser false CONFIG.has_operation_tlast false CONFIG.has_operation_tuser false CONFIG.has_result_tready false CONFIG.maximum_latency false CONFIG.operation_tuser_width 1 CONFIG.operation_type Float_to_Float CONFIG.result_precision_type Double CONFIG.result_tlast_behv Null"
      },
      {
        "Name": "dft_fptrunc_64ns_32_2_no_dsp_1_ip",
        "Vlnv": "xilinx.com:ip:floating_point:7.1",
        "Params": "CONFIG.a_precision_type Double CONFIG.a_tuser_width 1 CONFIG.add_sub_value Both CONFIG.b_tuser_width 1 CONFIG.c_a_exponent_width 11 CONFIG.c_a_fraction_width 53 CONFIG.c_compare_operation Programmable CONFIG.c_has_divide_by_zero false CONFIG.c_has_invalid_op false CONFIG.c_has_overflow false CONFIG.c_has_underflow false CONFIG.c_latency 0 CONFIG.c_mult_usage No_Usage CONFIG.c_optimization Speed_Optimized CONFIG.c_rate 1 CONFIG.c_result_exponent_width 8 CONFIG.c_result_fraction_width 24 CONFIG.component_name dft_fptrunc_64ns_32_2_no_dsp_1_ip CONFIG.flow_control NonBlocking CONFIG.has_a_tlast false CONFIG.has_a_tuser false CONFIG.has_aclken false CONFIG.has_aresetn false CONFIG.has_b_tlast false CONFIG.has_b_tuser false CONFIG.has_operation_tlast false CONFIG.has_operation_tuser false CONFIG.has_result_tready false CONFIG.maximum_latency false CONFIG.operation_tuser_width 1 CONFIG.operation_type Float_to_Float CONFIG.result_precision_type Single CONFIG.result_tlast_behv Null"
      },
      {
        "Name": "dft_fsub_32ns_32ns_32_5_full_dsp_1_ip",
        "Vlnv": "xilinx.com:ip:floating_point:7.1",
        "Params": "CONFIG.a_precision_type Single CONFIG.a_tuser_width 1 CONFIG.add_sub_value Subtract CONFIG.b_tuser_width 1 CONFIG.c_a_exponent_width 8 CONFIG.c_a_fraction_width 24 CONFIG.c_compare_operation Programmable CONFIG.c_has_divide_by_zero false CONFIG.c_has_invalid_op false CONFIG.c_has_overflow false CONFIG.c_has_underflow false CONFIG.c_latency 3 CONFIG.c_mult_usage Full_Usage CONFIG.c_optimization Speed_Optimized CONFIG.c_rate 1 CONFIG.c_result_exponent_width 8 CONFIG.c_result_fraction_width 24 CONFIG.component_name dft_fsub_32ns_32ns_32_5_full_dsp_1_ip CONFIG.flow_control NonBlocking CONFIG.has_a_tlast false CONFIG.has_a_tuser false CONFIG.has_aclken true CONFIG.has_aresetn false CONFIG.has_b_tlast false CONFIG.has_b_tuser false CONFIG.has_operation_tlast false CONFIG.has_operation_tuser false CONFIG.has_result_tready false CONFIG.maximum_latency false CONFIG.operation_tuser_width 1 CONFIG.operation_type Add_Subtract CONFIG.result_precision_type Single CONFIG.result_tlast_behv Null"
      },
      {
        "Name": "dft_hadd_16ns_16ns_16_6_full_dsp_1_ip",
        "Vlnv": "xilinx.com:ip:floating_point:7.1",
        "Params": "CONFIG.a_precision_type Half CONFIG.a_tuser_width 1 CONFIG.add_sub_value Add CONFIG.b_tuser_width 1 CONFIG.c_a_exponent_width 5 CONFIG.c_a_fraction_width 11 CONFIG.c_compare_operation Programmable CONFIG.c_has_divide_by_zero false CONFIG.c_has_invalid_op false CONFIG.c_has_overflow false CONFIG.c_has_underflow false CONFIG.c_latency 4 CONFIG.c_mult_usage Full_Usage CONFIG.c_optimization Speed_Optimized CONFIG.c_rate 1 CONFIG.c_result_exponent_width 5 CONFIG.c_result_fraction_width 11 CONFIG.component_name dft_hadd_16ns_16ns_16_6_full_dsp_1_ip CONFIG.flow_control NonBlocking CONFIG.has_a_tlast false CONFIG.has_a_tuser false CONFIG.has_aclken true CONFIG.has_aresetn false CONFIG.has_b_tlast false CONFIG.has_b_tuser false CONFIG.has_operation_tlast false CONFIG.has_operation_tuser false CONFIG.has_result_tready false CONFIG.maximum_latency false CONFIG.operation_tuser_width 1 CONFIG.operation_type Add_Subtract CONFIG.result_precision_type Half CONFIG.result_tlast_behv Null"
      },
      {
        "Name": "dft_hmul_16ns_16ns_16_4_max_dsp_1_ip",
        "Vlnv": "xilinx.com:ip:floating_point:7.1",
        "Params": "CONFIG.a_precision_type Half CONFIG.a_tuser_width 1 CONFIG.add_sub_value Both CONFIG.b_tuser_width 1 CONFIG.c_a_exponent_width 5 CONFIG.c_a_fraction_width 11 CONFIG.c_compare_operation Programmable CONFIG.c_has_divide_by_zero false CONFIG.c_has_invalid_op false CONFIG.c_has_overflow false CONFIG.c_has_underflow false CONFIG.c_latency 2 CONFIG.c_mult_usage Max_Usage CONFIG.c_optimization Speed_Optimized CONFIG.c_rate 1 CONFIG.c_result_exponent_width 5 CONFIG.c_result_fraction_width 11 CONFIG.component_name dft_hmul_16ns_16ns_16_4_max_dsp_1_ip CONFIG.flow_control NonBlocking CONFIG.has_a_tlast false CONFIG.has_a_tuser false CONFIG.has_aclken true CONFIG.has_aresetn false CONFIG.has_b_tlast false CONFIG.has_b_tuser false CONFIG.has_operation_tlast false CONFIG.has_operation_tuser false CONFIG.has_result_tready false CONFIG.maximum_latency false CONFIG.operation_tuser_width 1 CONFIG.operation_type Multiply CONFIG.result_precision_type Half CONFIG.result_tlast_behv Null"
      },
      {
        "Name": "dft_hsub_16ns_16ns_16_6_full_dsp_1_ip",
        "Vlnv": "xilinx.com:ip:floating_point:7.1",
        "Params": "CONFIG.a_precision_type Half CONFIG.a_tuser_width 1 CONFIG.add_sub_value Subtract CONFIG.b_tuser_width 1 CONFIG.c_a_exponent_width 5 CONFIG.c_a_fraction_width 11 CONFIG.c_compare_operation Programmable CONFIG.c_has_divide_by_zero false CONFIG.c_has_invalid_op false CONFIG.c_has_overflow false CONFIG.c_has_underflow false CONFIG.c_latency 4 CONFIG.c_mult_usage Full_Usage CONFIG.c_optimization Speed_Optimized CONFIG.c_rate 1 CONFIG.c_result_exponent_width 5 CONFIG.c_result_fraction_width 11 CONFIG.component_name dft_hsub_16ns_16ns_16_6_full_dsp_1_ip CONFIG.flow_control NonBlocking CONFIG.has_a_tlast false CONFIG.has_a_tuser false CONFIG.has_aclken true CONFIG.has_aresetn false CONFIG.has_b_tlast false CONFIG.has_b_tuser false CONFIG.has_operation_tlast false CONFIG.has_operation_tuser false CONFIG.has_result_tready false CONFIG.maximum_latency false CONFIG.operation_tuser_width 1 CONFIG.operation_type Add_Subtract CONFIG.result_precision_type Half CONFIG.result_tlast_behv Null"
      },
      {
        "Name": "dft_sitodp_32ns_64_6_no_dsp_1_ip",
        "Vlnv": "xilinx.com:ip:floating_point:7.1",
        "Params": "CONFIG.a_precision_type Custom CONFIG.a_tuser_width 1 CONFIG.add_sub_value Both CONFIG.b_tuser_width 1 CONFIG.c_a_exponent_width 32 CONFIG.c_a_fraction_width 0 CONFIG.c_compare_operation Programmable CONFIG.c_has_divide_by_zero false CONFIG.c_has_invalid_op false CONFIG.c_has_overflow false CONFIG.c_has_underflow false CONFIG.c_latency 4 CONFIG.c_mult_usage No_Usage CONFIG.c_optimization Speed_Optimized CONFIG.c_rate 1 CONFIG.c_result_exponent_width 11 CONFIG.c_result_fraction_width 53 CONFIG.component_name dft_sitodp_32ns_64_6_no_dsp_1_ip CONFIG.flow_control NonBlocking CONFIG.has_a_tlast false CONFIG.has_a_tuser false CONFIG.has_aclken true CONFIG.has_aresetn false CONFIG.has_b_tlast false CONFIG.has_b_tuser false CONFIG.has_operation_tlast false CONFIG.has_operation_tuser false CONFIG.has_result_tready false CONFIG.maximum_latency false CONFIG.operation_tuser_width 1 CONFIG.operation_type Fixed_to_Float CONFIG.result_precision_type Double CONFIG.result_tlast_behv Null"
      },
      {
        "Name": "dft_sitofp_32ns_32_6_no_dsp_1_ip",
        "Vlnv": "xilinx.com:ip:floating_point:7.1",
        "Params": "CONFIG.a_precision_type Custom CONFIG.a_tuser_width 1 CONFIG.add_sub_value Both CONFIG.b_tuser_width 1 CONFIG.c_a_exponent_width 32 CONFIG.c_a_fraction_width 0 CONFIG.c_compare_operation Programmable CONFIG.c_has_divide_by_zero false CONFIG.c_has_invalid_op false CONFIG.c_has_overflow false CONFIG.c_has_underflow false CONFIG.c_latency 4 CONFIG.c_mult_usage No_Usage CONFIG.c_optimization Speed_Optimized CONFIG.c_rate 1 CONFIG.c_result_exponent_width 8 CONFIG.c_result_fraction_width 24 CONFIG.component_name dft_sitofp_32ns_32_6_no_dsp_1_ip CONFIG.flow_control NonBlocking CONFIG.has_a_tlast false CONFIG.has_a_tuser false CONFIG.has_aclken true CONFIG.has_aresetn false CONFIG.has_b_tlast false CONFIG.has_b_tuser false CONFIG.has_operation_tlast false CONFIG.has_operation_tuser false CONFIG.has_result_tready false CONFIG.maximum_latency false CONFIG.operation_tuser_width 1 CONFIG.operation_type Fixed_to_Float CONFIG.result_precision_type Single CONFIG.result_tlast_behv Null"
      }
    ]
  },
  "Interfaces": {
    "s_axi_control": {
      "type": "axi4lite",
      "busTypeName": "aximm",
      "mode": "slave",
      "dataWidth": "32",
      "addrWidth": "4",
      "portPrefix": "s_axi_control_",
      "paramPrefix": "C_S_AXI_CONTROL_",
      "ports": [
        "s_axi_control_ARADDR",
        "s_axi_control_ARREADY",
        "s_axi_control_ARVALID",
        "s_axi_control_AWADDR",
        "s_axi_control_AWREADY",
        "s_axi_control_AWVALID",
        "s_axi_control_BREADY",
        "s_axi_control_BRESP",
        "s_axi_control_BVALID",
        "s_axi_control_RDATA",
        "s_axi_control_RREADY",
        "s_axi_control_RRESP",
        "s_axi_control_RVALID",
        "s_axi_control_WDATA",
        "s_axi_control_WREADY",
        "s_axi_control_WSTRB",
        "s_axi_control_WVALID"
      ],
      "registers": [
        {
          "offset": "0x00",
          "name": "CTRL",
          "access": "RW",
          "description": "Control signals",
          "range": "32",
          "fields": [
            {
              "offset": "0",
              "width": "1",
              "name": "AP_START",
              "access": "RW",
              "description": "Control signal Register for 'ap_start'."
            },
            {
              "offset": "1",
              "width": "1",
              "name": "AP_DONE",
              "access": "R",
              "description": "Control signal Register for 'ap_done'."
            },
            {
              "offset": "2",
              "width": "1",
              "name": "AP_IDLE",
              "access": "R",
              "description": "Control signal Register for 'ap_idle'."
            },
            {
              "offset": "3",
              "width": "1",
              "name": "AP_READY",
              "access": "R",
              "description": "Control signal Register for 'ap_ready'."
            },
            {
              "offset": "4",
              "width": "3",
              "name": "RESERVED_1",
              "access": "R",
              "description": "Reserved.  0s on read."
            },
            {
              "offset": "7",
              "width": "1",
              "name": "AUTO_RESTART",
              "access": "RW",
              "description": "Control signal Register for 'auto_restart'."
            },
            {
              "offset": "8",
              "width": "1",
              "name": "RESERVED_2",
              "access": "R",
              "description": "Reserved.  0s on read."
            },
            {
              "offset": "9",
              "width": "1",
              "name": "RESERVED_3",
              "access": "R",
              "description": "Reserved.  0s on read."
            },
            {
              "offset": "10",
              "width": "22",
              "name": "RESERVED_4",
              "access": "R",
              "description": "Reserved.  0s on read."
            }
          ]
        },
        {
          "offset": "0x04",
          "name": "GIER",
          "access": "RW",
          "description": "Global Interrupt Enable Register",
          "range": "32",
          "fields": [
            {
              "offset": "0",
              "width": "1",
              "name": "Enable",
              "access": "RW",
              "description": "Master enable for the device interrupt output to the system interrupt controller: 0 = Disabled, 1 = Enabled"
            },
            {
              "offset": "1",
              "width": "31",
              "name": "RESERVED",
              "access": "R",
              "description": "Reserved.  0s on read."
            }
          ]
        },
        {
          "offset": "0x08",
          "name": "IP_IER",
          "access": "RW",
          "description": "IP Interrupt Enable Register",
          "range": "32",
          "fields": [
            {
              "offset": "0",
              "width": "1",
              "name": "CHAN0_INT_EN",
              "access": "RW",
              "description": "Enable Channel 0 (ap_done) Interrupt.  0 = Disabled, 1 = Enabled."
            },
            {
              "offset": "1",
              "width": "1",
              "name": "CHAN1_INT_EN",
              "access": "RW",
              "description": "Enable Channel 1 (ap_ready) Interrupt.  0 = Disabled, 1 = Enabled."
            },
            {
              "offset": "2",
              "width": "30",
              "name": "RESERVED",
              "access": "R",
              "description": "Reserved.  0s on read."
            },
            {
              "offset": "2",
              "width": "30",
              "name": "RESERVED",
              "access": "R",
              "description": "Reserved.  0s on read."
            }
          ]
        },
        {
          "offset": "0x0c",
          "name": "IP_ISR",
          "access": "RW",
          "description": "IP Interrupt Status Register",
          "range": "32",
          "fields": [
            {
              "offset": "0",
              "width": "1",
              "name": "CHAN0_INT_ST",
              "access": "RTOW",
              "description": "Channel 0 (ap_done) Interrupt Status. 0 = No Channel 0 input interrupt, 1 = Channel 0 input interrup"
            },
            {
              "offset": "1",
              "width": "1",
              "name": "CHAN1_INT_ST",
              "access": "RTOW",
              "description": "Channel 1 (ap_ready) Interrupt Status. 0 = No Channel 1 input interrupt, 1 = Channel 1 input interrup"
            },
            {
              "offset": "2",
              "width": "30",
              "name": "RESERVED",
              "access": "R",
              "description": "Reserved.  0s on read."
            }
          ]
        }
      ]
    },
    "ap_clk": {
      "type": "clock",
      "busTypeName": "clock",
      "mode": "slave",
      "busParams": {
        "ASSOCIATED_BUSIF": "s_axi_control",
        "ASSOCIATED_RESET": "ap_rst_n"
      },
      "portMap": {"ap_clk": "CLK"},
      "ports": ["ap_clk"]
    },
    "ap_rst_n": {
      "type": "reset",
      "busTypeName": "reset",
      "mode": "slave",
      "busParams": {"POLARITY": "ACTIVE_LOW"},
      "portMap": {"ap_rst_n": "RST"},
      "ports": ["ap_rst_n"]
    },
    "interrupt": {
      "type": "interrupt",
      "busTypeName": "interrupt",
      "mode": "master",
      "dataWidth": "1",
      "busParams": {"SENSITIVITY": "LEVEL_HIGH"},
      "portMap": {"interrupt": "INTERRUPT"},
      "ports": ["interrupt"]
    },
    "sample_real_address0": {
      "type": "data",
      "busTypeName": "data",
      "protocol": "ap_memory",
      "mode": "master",
      "dataWidth": "8",
      "portMap": {"sample_real_address0": "DATA"},
      "ports": ["sample_real_address0"],
      "constraints": [{
          "constraint_type": "pragma interface",
          "mode": "ap_memory",
          "register_option": "0",
          "argName": "sample_real"
        }]
    },
    "sample_real_d0": {
      "type": "data",
      "busTypeName": "data",
      "protocol": "ap_memory",
      "mode": "master",
      "dataWidth": "16",
      "portMap": {"sample_real_d0": "DATA"},
      "ports": ["sample_real_d0"],
      "constraints": [{
          "constraint_type": "pragma interface",
          "mode": "ap_memory",
          "register_option": "0",
          "argName": "sample_real"
        }]
    },
    "sample_real_q0": {
      "type": "data",
      "busTypeName": "data",
      "protocol": "ap_memory",
      "mode": "slave",
      "dataWidth": "16",
      "portMap": {"sample_real_q0": "DATA"},
      "ports": ["sample_real_q0"],
      "constraints": [{
          "constraint_type": "pragma interface",
          "mode": "ap_memory",
          "register_option": "0",
          "argName": "sample_real"
        }]
    },
    "sample_real_address1": {
      "type": "data",
      "busTypeName": "data",
      "protocol": "ap_memory",
      "mode": "master",
      "dataWidth": "8",
      "portMap": {"sample_real_address1": "DATA"},
      "ports": ["sample_real_address1"],
      "constraints": [{
          "constraint_type": "pragma interface",
          "mode": "ap_memory",
          "register_option": "0",
          "argName": "sample_real"
        }]
    },
    "sample_real_d1": {
      "type": "data",
      "busTypeName": "data",
      "protocol": "ap_memory",
      "mode": "master",
      "dataWidth": "16",
      "portMap": {"sample_real_d1": "DATA"},
      "ports": ["sample_real_d1"],
      "constraints": [{
          "constraint_type": "pragma interface",
          "mode": "ap_memory",
          "register_option": "0",
          "argName": "sample_real"
        }]
    },
    "sample_real_q1": {
      "type": "data",
      "busTypeName": "data",
      "protocol": "ap_memory",
      "mode": "slave",
      "dataWidth": "16",
      "portMap": {"sample_real_q1": "DATA"},
      "ports": ["sample_real_q1"],
      "constraints": [{
          "constraint_type": "pragma interface",
          "mode": "ap_memory",
          "register_option": "0",
          "argName": "sample_real"
        }]
    },
    "sample_imag_address0": {
      "type": "data",
      "busTypeName": "data",
      "protocol": "ap_memory",
      "mode": "master",
      "dataWidth": "8",
      "portMap": {"sample_imag_address0": "DATA"},
      "ports": ["sample_imag_address0"],
      "constraints": [{
          "constraint_type": "pragma interface",
          "mode": "ap_memory",
          "register_option": "0",
          "argName": "sample_imag"
        }]
    },
    "sample_imag_d0": {
      "type": "data",
      "busTypeName": "data",
      "protocol": "ap_memory",
      "mode": "master",
      "dataWidth": "16",
      "portMap": {"sample_imag_d0": "DATA"},
      "ports": ["sample_imag_d0"],
      "constraints": [{
          "constraint_type": "pragma interface",
          "mode": "ap_memory",
          "register_option": "0",
          "argName": "sample_imag"
        }]
    },
    "sample_imag_q0": {
      "type": "data",
      "busTypeName": "data",
      "protocol": "ap_memory",
      "mode": "slave",
      "dataWidth": "16",
      "portMap": {"sample_imag_q0": "DATA"},
      "ports": ["sample_imag_q0"],
      "constraints": [{
          "constraint_type": "pragma interface",
          "mode": "ap_memory",
          "register_option": "0",
          "argName": "sample_imag"
        }]
    },
    "sample_imag_address1": {
      "type": "data",
      "busTypeName": "data",
      "protocol": "ap_memory",
      "mode": "master",
      "dataWidth": "8",
      "portMap": {"sample_imag_address1": "DATA"},
      "ports": ["sample_imag_address1"],
      "constraints": [{
          "constraint_type": "pragma interface",
          "mode": "ap_memory",
          "register_option": "0",
          "argName": "sample_imag"
        }]
    },
    "sample_imag_d1": {
      "type": "data",
      "busTypeName": "data",
      "protocol": "ap_memory",
      "mode": "master",
      "dataWidth": "16",
      "portMap": {"sample_imag_d1": "DATA"},
      "ports": ["sample_imag_d1"],
      "constraints": [{
          "constraint_type": "pragma interface",
          "mode": "ap_memory",
          "register_option": "0",
          "argName": "sample_imag"
        }]
    },
    "sample_imag_q1": {
      "type": "data",
      "busTypeName": "data",
      "protocol": "ap_memory",
      "mode": "slave",
      "dataWidth": "16",
      "portMap": {"sample_imag_q1": "DATA"},
      "ports": ["sample_imag_q1"],
      "constraints": [{
          "constraint_type": "pragma interface",
          "mode": "ap_memory",
          "register_option": "0",
          "argName": "sample_imag"
        }]
    }
  },
  "RtlPorts": {
    "s_axi_control_AWVALID": {
      "dir": "in",
      "width": "1"
    },
    "s_axi_control_AWREADY": {
      "dir": "out",
      "width": "1"
    },
    "s_axi_control_AWADDR": {
      "dir": "in",
      "width": "4"
    },
    "s_axi_control_WVALID": {
      "dir": "in",
      "width": "1"
    },
    "s_axi_control_WREADY": {
      "dir": "out",
      "width": "1"
    },
    "s_axi_control_WDATA": {
      "dir": "in",
      "width": "32"
    },
    "s_axi_control_WSTRB": {
      "dir": "in",
      "width": "4"
    },
    "s_axi_control_ARVALID": {
      "dir": "in",
      "width": "1"
    },
    "s_axi_control_ARREADY": {
      "dir": "out",
      "width": "1"
    },
    "s_axi_control_ARADDR": {
      "dir": "in",
      "width": "4"
    },
    "s_axi_control_RVALID": {
      "dir": "out",
      "width": "1"
    },
    "s_axi_control_RREADY": {
      "dir": "in",
      "width": "1"
    },
    "s_axi_control_RDATA": {
      "dir": "out",
      "width": "32"
    },
    "s_axi_control_RRESP": {
      "dir": "out",
      "width": "2"
    },
    "s_axi_control_BVALID": {
      "dir": "out",
      "width": "1"
    },
    "s_axi_control_BREADY": {
      "dir": "in",
      "width": "1"
    },
    "s_axi_control_BRESP": {
      "dir": "out",
      "width": "2"
    },
    "ap_clk": {
      "dir": "in",
      "width": "1"
    },
    "ap_rst_n": {
      "dir": "in",
      "width": "1"
    },
    "interrupt": {
      "dir": "out",
      "width": "1"
    },
    "sample_real_address0": {
      "dir": "out",
      "width": "8"
    },
    "sample_real_ce0": {
      "dir": "out",
      "width": "1"
    },
    "sample_real_d0": {
      "dir": "out",
      "width": "16"
    },
    "sample_real_q0": {
      "dir": "in",
      "width": "16"
    },
    "sample_real_we0": {
      "dir": "out",
      "width": "1"
    },
    "sample_real_address1": {
      "dir": "out",
      "width": "8"
    },
    "sample_real_ce1": {
      "dir": "out",
      "width": "1"
    },
    "sample_real_d1": {
      "dir": "out",
      "width": "16"
    },
    "sample_real_q1": {
      "dir": "in",
      "width": "16"
    },
    "sample_real_we1": {
      "dir": "out",
      "width": "1"
    },
    "sample_imag_address0": {
      "dir": "out",
      "width": "8"
    },
    "sample_imag_ce0": {
      "dir": "out",
      "width": "1"
    },
    "sample_imag_d0": {
      "dir": "out",
      "width": "16"
    },
    "sample_imag_q0": {
      "dir": "in",
      "width": "16"
    },
    "sample_imag_we0": {
      "dir": "out",
      "width": "1"
    },
    "sample_imag_address1": {
      "dir": "out",
      "width": "8"
    },
    "sample_imag_ce1": {
      "dir": "out",
      "width": "1"
    },
    "sample_imag_d1": {
      "dir": "out",
      "width": "16"
    },
    "sample_imag_q1": {
      "dir": "in",
      "width": "16"
    },
    "sample_imag_we1": {
      "dir": "out",
      "width": "1"
    }
  },
  "ModuleInfo": {
    "Hierarchy": {
      "ModuleName": "dft",
      "Instances": [{
          "ModuleName": "Loop_VITIS_LOOP_33_1_proc1",
          "InstanceName": "Loop_VITIS_LOOP_33_1_proc1_U0",
          "Instances": [
            {
              "ModuleName": "Loop_VITIS_LOOP_33_1_proc1_Pipeline_VITIS_LOOP_43_2",
              "InstanceName": "grp_Loop_VITIS_LOOP_33_1_proc1_Pipeline_VITIS_LOOP_43_2_fu_148"
            },
            {
              "ModuleName": "Loop_VITIS_LOOP_33_1_proc1_Pipeline_VITIS_LOOP_67_3",
              "InstanceName": "grp_Loop_VITIS_LOOP_33_1_proc1_Pipeline_VITIS_LOOP_67_3_fu_163"
            },
            {
              "ModuleName": "Loop_VITIS_LOOP_33_1_proc1_Pipeline_VITIS_LOOP_43_21",
              "InstanceName": "grp_Loop_VITIS_LOOP_33_1_proc1_Pipeline_VITIS_LOOP_43_21_fu_173"
            }
          ]
        }]
    },
    "Info": {
      "Loop_VITIS_LOOP_33_1_proc1_Pipeline_VITIS_LOOP_43_2": {
        "FunctionProtocol": "ap_ctrl_hs",
        "isTaskLevelControl": "0",
        "isPipelined": "1",
        "isCombinational": "0",
        "isOneStateSeq": "0"
      },
      "Loop_VITIS_LOOP_33_1_proc1_Pipeline_VITIS_LOOP_43_21": {
        "FunctionProtocol": "ap_ctrl_hs",
        "isTaskLevelControl": "0",
        "isPipelined": "1",
        "isCombinational": "0",
        "isOneStateSeq": "0"
      },
      "Loop_VITIS_LOOP_33_1_proc1_Pipeline_VITIS_LOOP_67_3": {
        "FunctionProtocol": "ap_ctrl_hs",
        "isTaskLevelControl": "0",
        "isPipelined": "1",
        "isCombinational": "0",
        "isOneStateSeq": "0"
      },
      "Loop_VITIS_LOOP_33_1_proc1": {
        "FunctionProtocol": "ap_ctrl_hs",
        "isTaskLevelControl": "0",
        "isPipelined": "0",
        "isCombinational": "0",
        "isOneStateSeq": "0"
      },
      "dft": {
        "FunctionProtocol": "ap_ctrl_hs",
        "isTaskLevelControl": "0",
        "isPipelined": "1",
        "isCombinational": "0",
        "isOneStateSeq": "0"
      }
    },
    "Metrics": {
      "Loop_VITIS_LOOP_33_1_proc1_Pipeline_VITIS_LOOP_43_2": {
        "Latency": {
          "LatencyBest": "793",
          "LatencyAvg": "793",
          "LatencyWorst": "793",
          "PipelineII": "793",
          "PipelineDepth": "",
          "PipelineType": "no"
        },
        "Timing": {
          "Target": "10.00",
          "Uncertainty": "2.70",
          "Estimate": "6.865"
        },
        "Loops": [{
            "Name": "VITIS_LOOP_43_2",
            "TripCount": "64",
            "Latency": "791",
            "PipelineII": "12",
            "PipelineDepth": "36"
          }],
        "Area": {
          "DSP": "0",
          "AVAIL_DSP": "220",
          "UTIL_DSP": "0",
          "FF": "824",
          "AVAIL_FF": "106400",
          "UTIL_FF": "~0",
          "LUT": "838",
          "AVAIL_LUT": "53200",
          "UTIL_LUT": "1",
          "BRAM_18K": "0",
          "AVAIL_BRAM": "280",
          "UTIL_BRAM": "0",
          "URAM": "0",
          "AVAIL_URAM": "0",
          "UTIL_URAM": "0"
        }
      },
      "Loop_VITIS_LOOP_33_1_proc1_Pipeline_VITIS_LOOP_43_21": {
        "Latency": {
          "LatencyBest": "793",
          "LatencyAvg": "793",
          "LatencyWorst": "793",
          "PipelineII": "793",
          "PipelineDepth": "",
          "PipelineType": "no"
        },
        "Timing": {
          "Target": "10.00",
          "Uncertainty": "2.70",
          "Estimate": "6.865"
        },
        "Loops": [{
            "Name": "VITIS_LOOP_43_2",
            "TripCount": "64",
            "Latency": "791",
            "PipelineII": "12",
            "PipelineDepth": "36"
          }],
        "Area": {
          "DSP": "0",
          "AVAIL_DSP": "220",
          "UTIL_DSP": "0",
          "FF": "824",
          "AVAIL_FF": "106400",
          "UTIL_FF": "~0",
          "LUT": "838",
          "AVAIL_LUT": "53200",
          "UTIL_LUT": "1",
          "BRAM_18K": "0",
          "AVAIL_BRAM": "280",
          "UTIL_BRAM": "0",
          "URAM": "0",
          "AVAIL_URAM": "0",
          "UTIL_URAM": "0"
        }
      },
      "Loop_VITIS_LOOP_33_1_proc1_Pipeline_VITIS_LOOP_67_3": {
        "Latency": {
          "LatencyBest": "132",
          "LatencyAvg": "132",
          "LatencyWorst": "132",
          "PipelineII": "132",
          "PipelineDepth": "",
          "PipelineType": "no"
        },
        "Timing": {
          "Target": "10.00",
          "Uncertainty": "2.70",
          "Estimate": "6.194"
        },
        "Loops": [{
            "Name": "VITIS_LOOP_67_3",
            "TripCount": "128",
            "Latency": "130",
            "PipelineII": "1",
            "PipelineDepth": "4"
          }],
        "Area": {
          "FF": "365",
          "AVAIL_FF": "106400",
          "UTIL_FF": "~0",
          "LUT": "1436",
          "AVAIL_LUT": "53200",
          "UTIL_LUT": "2",
          "BRAM_18K": "0",
          "AVAIL_BRAM": "280",
          "UTIL_BRAM": "0",
          "DSP": "0",
          "AVAIL_DSP": "220",
          "UTIL_DSP": "0",
          "URAM": "0",
          "AVAIL_URAM": "0",
          "UTIL_URAM": "0"
        }
      },
      "Loop_VITIS_LOOP_33_1_proc1": {
        "Latency": {
          "LatencyBest": "203910",
          "LatencyAvg": "203910",
          "LatencyWorst": "203910",
          "PipelineII": "203910",
          "PipelineDepth": "",
          "PipelineType": "no"
        },
        "Timing": {
          "Target": "10.00",
          "Uncertainty": "2.70",
          "Estimate": "6.865"
        },
        "Loops": [{
            "Name": "VITIS_LOOP_33_1",
            "TripCount": "128",
            "Latency": "203776",
            "PipelineII": "",
            "PipelineDepth": "1592"
          }],
        "Area": {
          "BRAM_18K": "6",
          "AVAIL_BRAM": "280",
          "UTIL_BRAM": "2",
          "DSP": "12",
          "AVAIL_DSP": "220",
          "UTIL_DSP": "5",
          "FF": "2956",
          "AVAIL_FF": "106400",
          "UTIL_FF": "2",
          "LUT": "6119",
          "AVAIL_LUT": "53200",
          "UTIL_LUT": "11",
          "URAM": "0",
          "AVAIL_URAM": "0",
          "UTIL_URAM": "0"
        }
      },
      "dft": {
        "Latency": {
          "LatencyBest": "203910",
          "LatencyAvg": "203910",
          "LatencyWorst": "203910",
          "PipelineII": "203911",
          "PipelineDepth": "",
          "PipelineType": "dataflow"
        },
        "Timing": {
          "Target": "10.00",
          "Uncertainty": "2.70",
          "Estimate": "6.865"
        },
        "Area": {
          "BRAM_18K": "6",
          "AVAIL_BRAM": "280",
          "UTIL_BRAM": "2",
          "DSP": "12",
          "AVAIL_DSP": "220",
          "UTIL_DSP": "5",
          "FF": "2992",
          "AVAIL_FF": "106400",
          "UTIL_FF": "2",
          "LUT": "6159",
          "AVAIL_LUT": "53200",
          "UTIL_LUT": "11",
          "URAM": "0",
          "AVAIL_URAM": "0",
          "UTIL_URAM": "0"
        }
      }
    }
  },
  "GenerateBdFiles": "0",
  "GenData": {
    "DataVersion": "0.2",
    "Time": "2021-11-04 17:46:37 -0700",
    "ToolName": "vitis_hls",
    "ToolVersion": "2021.1"
  }
}
